img,title
/images/sppb_news/30/28/04.jpg,还能不能让人好好上课了
/images/sppb_news/30/25/82.jpg,睡的好安详
/images/sppb_news/30/25/32.jpg,不要动不动就上手
/images/sppb_news/30/21/25.jpg,我就想好好吃个饭啊！
/images/sppb_news/30/20/67.jpg,朝着半人马方向发展
/images/sppb_news/30/09/83.jpg,妹子收获颇丰啊
/images/sppb_news/30/09/81.jpg,认祖归宗
/images/sppb_news/30/06/69.jpg,摄影师也是蛮拼的
/images/sppb_news/30/03/25.jpg,这么可爱，怎么可能是男孩子
/images/sppb_news/30/28/03.jpg,西瓜的用处可真多
/images/sppb_news/30/27/66.jpg,妹子你这是要逆天呀
/images/sppb_news/30/25/73.jpg,妹子这玩法有点疼
/images/sppb_news/30/21/77.jpg,公交大战后胜利者的背景
/images/sppb_news/30/20/66.jpg,这样的援助可能完全是帮倒忙
/images/sppb_news/30/10/63.jpg,下雨就别带我出来瞎溜达
/images/sppb_news/30/09/82.jpg,小姐姐裙子里有什么？
/images/sppb_news/30/07/33.jpg,郎有情，妾有意！
/images/sppb_news/30/03/20.jpg,真想分分钟超过去看看！
/images/sppb_news/30/27/68.jpg,北京是真入秋了
/images/sppb_news/30/27/67.jpg,沉迷动漫的男友
/images/sppb_news/30/25/81.jpg,好拉风的敞篷车
/images/sppb_news/30/25/31.jpg,不做茶艺师真是浪费人才
/images/sppb_news/30/21/24.jpg,妹子差点叫出声！
/images/sppb_news/30/09/84.jpg,这应该是进错厕所了吧！
/images/sppb_news/30/07/37.jpg,偶遇美少女战士！
/images/sppb_news/30/06/68.jpg,蜘蛛侠被“结扎”了！
/images/sppb_news/30/03/19.jpg,让我看看你的腹肌
/images/sppb_news/30/02/72.jpg,思想觉悟要从娃娃抓起
/images/sppb_news/29/97/60.jpg,妹纸是最抗冻的一种存在
/images/sppb_news/29/97/57.jpg,一不小心被告白了
/images/sppb_news/29/94/71.jpg,看个球赛，至于这样么
/images/sppb_news/29/85/46.jpg,这腿真白，我说的是狗
/images/sppb_news/29/84/28.jpg,茅台同款
/images/sppb_news/29/82/97.jpg,大爷这么性感，家里人知道么
/images/sppb_news/29/82/96.jpg,骚年，味道怎么样
/images/sppb_news/29/82/09.jpg,色即是空，空即是色
/images/sppb_news/30/02/71.jpg,上帝给你开了一扇门
/images/sppb_news/29/97/58.jpg,菇凉，你这样是找不到男票的
/images/sppb_news/29/95/27.jpg,白色衬衫小短裙，开业啦
/images/sppb_news/29/94/70.jpg,这样跳伞对嗅觉是种考验
/images/sppb_news/29/85/45.jpg,明修栈道，暗度陈仓
/images/sppb_news/29/84/29.jpg,等等！姑娘你坐着啥
/images/sppb_news/29/82/95.jpg,腿都劈成这样就不怕折了嘛
/images/sppb_news/29/82/87.jpg,一不小心就坐过了两站！
/images/sppb_news/29/82/10.jpg,这件衣服只要9块9！
/images/sppb_news/29/97/61.jpg,只想问一句：大哥，爽不爽！
/images/sppb_news/29/97/59.jpg,幼儿园我最期待的节目
/images/sppb_news/29/95/28.jpg,小盆友谜之抢镜
/images/sppb_news/29/94/69.jpg,第一眼竟看错了！
/images/sppb_news/29/85/44.jpg,妹子，你这是要上天
/images/sppb_news/29/82/99.jpg,能让我也加入吗
/images/sppb_news/29/82/98.jpg,制服出卖了你对爱情的渴望
/images/sppb_news/29/82/94.jpg,这就是你们说的最萌身高差？
/images/sppb_news/29/80/15.jpg,球迷的疯狂
/images/sppb_news/29/80/14.jpg,我就要点这个不满意！
/images/sppb_news/29/79/33.jpg,马路杀手，赶紧让路！
/images/sppb_news/29/74/01.jpg,大妈，下次记得把密码写上啊
/images/sppb_news/29/70/45.jpg,班级是个大家庭，你还真当家
/images/sppb_news/29/70/15.jpg,互相扶持
/images/sppb_news/29/60/62.jpg,妹子你的手是不是伸错了地方
/images/sppb_news/29/57/70.jpg,一条狗对大屁屁的执念好可怕
/images/sppb_news/29/57/22.jpg,众人皆睡我独醒
/images/sppb_news/29/52/09.jpg,妹子，嘴下留情
/images/sppb_news/29/79/35.jpg,妹子，你在纠结什么
/images/sppb_news/29/78/30.jpg,凭本事抓来的，休想让我丢掉！ ​​​​
/images/sppb_news/29/74/00.jpg,公共场合，这样好么
/images/sppb_news/29/73/98.jpg,区区一扇门就想阻挡老纸打牌
/images/sppb_news/29/70/47.jpg,这熊孩子有前途
/images/sppb_news/29/60/63.jpg,大哥，你确定能做到
/images/sppb_news/29/59/84.jpg,给我看看哪根用过了
/images/sppb_news/29/57/69.jpg,遇到这样的碰瓷，车主无奈了
/images/sppb_news/29/57/21.jpg,兵哥哥怎么可以这么放纵她
/images/sppb_news/29/79/34.jpg,人送外号“车坚强”
/images/sppb_news/29/74/61.jpg,舞蹈室一道亮丽的风景
/images/sppb_news/29/73/99.jpg,别高兴的太早，中看不中用！
/images/sppb_news/29/70/46.jpg,你这么调皮你家里人知道吗
/images/sppb_news/29/70/14.jpg,俄式闹婚
/images/sppb_news/29/60/64.jpg,为了变美简直丧心病狂
/images/sppb_news/29/60/61.jpg,老婆再也不用担心我会热了
/images/sppb_news/29/57/23.jpg,这衣服真是魔性
/images/sppb_news/29/52/12.jpg,舍友的秋裤看上去好暖和
/images/sppb_news/29/52/10.jpg,妹子，你这是在秀腿
/images/sppb_news/29/48/34.jpg,嘿，你找错妈了吧
/images/sppb_news/29/48/32.jpg,买床送老婆，只需88
/images/sppb_news/29/44/47.jpg,看看谁还敢跟我抢球！
/images/sppb_news/29/44/02.jpg,老板，来10串羊肉串
/images/sppb_news/29/34/33.jpg,又被扔到地球上来了？
/images/sppb_news/29/34/36.jpg,大爷，你这是铲车煮自己啊！
/images/sppb_news/29/30/76.jpg,出门太着急的尴尬
/images/sppb_news/29/30/74.jpg,是哪个小可爱需要维修了呢
/images/sppb_news/29/52/11.jpg,有好东西，好基友要一起分享
/images/sppb_news/29/48/33.jpg,老板娘好强势！
/images/sppb_news/29/48/35.jpg,大师你拍到了什么，这么兴奋
/images/sppb_news/29/44/50.jpg,根据自己的长度自觉对号入座
/images/sppb_news/29/44/48.jpg,感觉一个都吃不完啊
/images/sppb_news/29/34/37.jpg, 不知道车要开走了怎么办
/images/sppb_news/29/34/32.jpg, 尚未解冻的食材
/images/sppb_news/29/34/35.jpg,就怕骑电动车时条件反射
/images/sppb_news/29/30/75.jpg, 裁判，他开外挂了！
/images/sppb_news/29/30/73.jpg,不要丢下我们啊
/images/sppb_news/29/51/70.jpg,骚年，你要控制你自个
/images/sppb_news/29/48/36.jpg,独领风骚
/images/sppb_news/29/44/51.jpg,是不是忘了师傅的教诲啦
/images/sppb_news/29/44/49.jpg,这是经历过多少磨难啊
/images/sppb_news/29/34/34.jpg,这玩意倒地就能睡觉
/images/sppb_news/29/34/31.jpg,第一次摆摊，好紧张！
/images/sppb_news/29/30/77.jpg,以为是寺庙，经证实是某医院
/images/sppb_news/29/30/72.jpg, 你们有本事下来啊！
/images/sppb_news/29/30/71.jpg,妹子真的不怕摔下去吗
/images/sppb_news/29/26/85.jpg,高端大气上档次低调奢华有内涵
/images/sppb_news/29/26/79.jpg,沉得住气是种怎样的感觉
/images/sppb_news/29/24/18.jpg,心辣不辣不知道，反正手挺辣
/images/sppb_news/29/23/77.jpg, 这是什么特殊技能
/images/sppb_news/29/23/75.jpg, 我顶你个肺！
/images/sppb_news/29/19/33.jpg,这钢铁刘海算咋回事？
/images/sppb_news/29/19/31.jpg,大哥，你掰手腕肯定厉害吧
/images/sppb_news/29/19/34.jpg,就是每天要这样去学校！
/images/sppb_news/29/26/83.jpg, 大哥，你可真会享受！
/images/sppb_news/29/26/82.jpg,男人骚起来就没女人什么事了
/images/sppb_news/29/24/16.jpg,裁判裁判，这算犯规吗？
/images/sppb_news/29/23/78.jpg,大哥，你这福气可不小
/images/sppb_news/29/23/74.jpg,平时要多参加点野外活动
/images/sppb_news/29/19/37.jpg,这么长我还是第一次见！
/images/sppb_news/29/19/32.jpg, 男人就应该妖娆一点！
/images/sppb_news/29/09/68.jpg,这三个小姐姐真的是护士吗？
/images/sppb_news/29/26/80.jpg, 现在开始流行放生矿泉水了？
/images/sppb_news/29/26/81.jpg, 兄弟，你不要了可以给我啊
/images/sppb_news/29/26/84.jpg,取个钱不用这么霸气吧！
/images/sppb_news/29/24/17.jpg,蓝翔毕业考试
/images/sppb_news/29/23/79.jpg,只是想看看它会不会爬树
/images/sppb_news/29/23/76.jpg, 阳光正好，就劈个叉吧
/images/sppb_news/29/19/38.jpg,心真大，这么高的地方也能睡着
/images/sppb_news/29/19/36.jpg, 哎哎哎，这不是给你喝奶的!
/images/sppb_news/29/19/35.jpg,这要是晚上得吓死人啊！
/images/sppb_news/29/09/67.jpg,这是我见过最防水的电动车
